{
  "main": {
    "id": "670c48c27e9ed40d",
    "type": "split",
    "children": [
      {
        "id": "8b7d9ad9d75f8998",
        "type": "tabs",
        "children": [
          {
            "id": "8d3b8acfc4e01753",
            "type": "leaf",
            "state": {
              "type": "markdown",
              "state": {
                "file": "Learning/Learning Index.md",
                "mode": "source",
                "source": false
              },
              "icon": "lucide-file",
              "title": "Learning Index"
            }
          },
          {
            "id": "9270c98615cadadc",
            "type": "leaf",
            "state": {
              "type": "markdown",
              "state": {
                "file": "Learning/Learning Index.md",
                "mode": "source",
                "source": false
              },
              "icon": "lucide-file",
              "title": "Learning Index"
            }
          },
          {
            "id": "27b3252bcfdf7cc8",
            "type": "leaf",
            "state": {
              "type": "markdown",
              "state": {
                "file": "Template - Learn/Template-01-ST.md",
                "mode": "source",
                "source": false
              },
              "icon": "lucide-file",
              "title": "Template-01-ST"
            }
          },
          {
            "id": "51f4ad5bcfdc8e3f",
            "type": "leaf",
            "state": {
              "type": "markdown",
              "state": {
                "file": "Learning/Learning Index.md",
                "mode": "preview",
                "source": false
              },
              "icon": "lucide-file",
              "title": "Learning Index"
            }
          }
        ],
        "currentTab": 3
      }
    ],
    "direction": "vertical"
  },
  "left": {
    "id": "7b76f5dfab575b21",
    "type": "split",
    "children": [
      {
        "id": "a964c8a77ada43d8",
        "type": "tabs",
        "children": [
          {
            "id": "155126e75078ffe8",
            "type": "leaf",
            "state": {
              "type": "file-explorer",
              "state": {
                "sortOrder": "alphabetical",
                "autoReveal": false
              },
              "icon": "lucide-folder-closed",
              "title": "Files"
            }
          },
          {
            "id": "7def80ff1bc50d66",
            "type": "leaf",
            "state": {
              "type": "search",
              "state": {
                "query": "tag:watermark/Ladosz - Strategy - learning",
                "matchingCase": false,
                "explainSearch": false,
                "collapseAll": false,
                "extraContext": false,
                "sortOrder": "alphabetical"
              },
              "icon": "lucide-search",
              "title": "Search"
            }
          },
          {
            "id": "c4b588649f09f99d",
            "type": "leaf",
            "state": {
              "type": "bookmarks",
              "state": {},
              "icon": "lucide-bookmark",
              "title": "Bookmarks"
            }
          }
        ]
      }
    ],
    "direction": "horizontal",
    "width": 300
  },
  "right": {
    "id": "7a4425fd72e86c03",
    "type": "split",
    "children": [
      {
        "id": "021b9b6e4f607533",
        "type": "tabs",
        "children": [
          {
            "id": "e9a0c52b6db2c895",
            "type": "leaf",
            "state": {
              "type": "backlink",
              "state": {
                "file": "Learning/Learning Index.md",
                "collapseAll": false,
                "extraContext": true,
                "sortOrder": "alphabetical",
                "showSearch": false,
                "searchQuery": "",
                "backlinkCollapsed": false,
                "unlinkedCollapsed": true
              },
              "icon": "links-coming-in",
              "title": "Backlinks for Learning Index"
            }
          },
          {
            "id": "e7103190f719e807",
            "type": "leaf",
            "state": {
              "type": "outgoing-link",
              "state": {
                "linksCollapsed": false,
                "unlinkedCollapsed": true
              },
              "icon": "links-going-out",
              "title": "Outgoing links"
            }
          },
          {
            "id": "eab006e8f8acac5a",
            "type": "leaf",
            "state": {
              "type": "tag",
              "state": {
                "sortOrder": "frequency",
                "useHierarchy": true,
                "showSearch": false,
                "searchQuery": ""
              },
              "icon": "lucide-tags",
              "title": "Tags"
            }
          },
          {
            "id": "7aec0038344e5efd",
            "type": "leaf",
            "state": {
              "type": "outline",
              "state": {
                "file": "Learning/Learning Index.md",
                "followCursor": false,
                "showSearch": false,
                "searchQuery": ""
              },
              "icon": "lucide-list",
              "title": "Outline of Learning Index"
            }
          }
        ]
      }
    ],
    "direction": "horizontal",
    "width": 300,
    "collapsed": true
  },
  "left-ribbon": {
    "hiddenItems": {
      "quickadd:QuickAdd": false,
      "templater-obsidian:Templater": false,
      "switcher:Open quick switcher": false,
      "graph:Open graph view": false,
      "canvas:Create new canvas": false,
      "daily-notes:Open today's daily note": false,
      "templates:Insert template": false,
      "command-palette:Open command palette": false,
      "bases:Create new base": false
    }
  },
  "active": "51f4ad5bcfdc8e3f",
  "lastOpenFiles": [
    "$$_CC8F.tmp",
    "Template - Learn/Template-03-MS.md",
    "Template - Learn/Template-02-KW.md",
    "Template - Learn/Template-01-ST.md",
    "License.md",
    "Welcome.md",
    "Learning/Learning Index.md",
    "Learning/03-MS/asd - 2025-08-19.md",
    "Learning/01-ST/Test fdated - 2025-08-19.md",
    "Learning/01-ST/qwe .md",
    "Learning/Learning Advanced Index.md",
    "Learning/Learning Index - backup.md",
    "Learning/03-MS/Mindset Tetts.md",
    "Learning/02-KW/Keyword test.md",
    "Learning/01-ST/Strat test.md",
    "Bera.png",
    "TCOM 1.png",
    "TCOM.png",
    "Public.png",
    "Learning/01-ST/wer23.md",
    "Learning/01-ST/12344.md",
    "asdfffff.md",
    "qwe.md",
    "Risk.md",
    "Test123.md",
    "TopicTESTED.md",
    "2025-08-19.md",
    "Learning/01-ST/fed.md",
    "Template - Learn",
    "Template - What I learn/Template-03-MS.md",
    "Template - What I learn/Template-02-KW.md",
    "Template - What I learn",
    "Learning/03-MS",
    "Learning/02-KW",
    "Learning/01-ST",
    "Learning"
  ]
}